iteration,gauss_newton,levenberg_marquardt
1,0.3108309937154338,0.31201341303223645
2,0.3108309937154338,0.3108315931974844
3,,0.3108309937436914
4,,0.3108309937154339
