optimizer,loss,iterations,time
SGD(lr=0.01),0.49083592030296347,100,0.1045532000134699
"MiniBatchGD(lr=0.01,batch_size=4)",0.531488007125561,100,0.0602482000249438
GaussNewton,0.3108309937154338,2,0.00010120001388713717
LevenbergMarquardt,0.3108309937154339,4,0.0001306000049225986
